{
  "results": {
    "vector_only": [
      0.525,
      0.525,
      0.53
    ],
    "bivector": [
      0.514,
      0.513,
      0.548
    ],
    "trivector": [
      1.0,
      1.0,
      1.0
    ],
    "full_clifford": [
      1.0,
      1.0,
      1.0
    ],
    "learned": [
      1.0,
      1.0,
      0.999
    ]
  },
  "summary": {
    "vector_only": {
      "mean": 0.5266666666666667,
      "std": 0.0023570226039551605
    },
    "bivector": {
      "mean": 0.525,
      "std": 0.01626857912254992
    },
    "trivector": {
      "mean": 1.0,
      "std": 0.0
    },
    "full_clifford": {
      "mean": 1.0,
      "std": 0.0
    },
    "learned": {
      "mean": 0.9996666666666667,
      "std": 0.00047140452079103207
    }
  },
  "config": {
    "mode": "chirality",
    "n_train": 5000,
    "n_test": 1000,
    "n_epochs": 100,
    "seeds": [
      42,
      123,
      456
    ]
  }
}