{
  "results": {
    "vector_only": [
      0.516,
      0.586,
      0.588
    ],
    "bivector": [
      1.0,
      1.0,
      1.0
    ],
    "trivector": [
      0.516,
      0.508,
      0.526
    ],
    "full_clifford": [
      0.53,
      0.512,
      0.54
    ],
    "learned": [
      1.0,
      1.0,
      1.0
    ]
  },
  "summary": {
    "vector_only": {
      "mean": 0.5633333333333334,
      "std": 0.0334796787453059
    },
    "bivector": {
      "mean": 1.0,
      "std": 0.0
    },
    "trivector": {
      "mean": 0.5166666666666667,
      "std": 0.00736357401145818
    },
    "full_clifford": {
      "mean": 0.5273333333333333,
      "std": 0.011585431464655188
    },
    "learned": {
      "mean": 1.0,
      "std": 0.0
    }
  },
  "config": {
    "mode": "rotation",
    "n_train": 3000,
    "n_test": 500,
    "n_epochs": 80,
    "seeds": [
      42,
      123,
      456
    ]
  }
}