{
  "results": {
    "toluene": {
      "hybrid_hcnet": {
        "best_val_mse": 0.8023003595215934,
        "best_val_mae": 0.6335068600518363,
        "test_mse": 0.775390975177288,
        "test_mae": 0.6246198788285255,
        "mean_epoch_time": 2.068695278167725,
        "n_params": 866083
      },
      "clifford_net": {
        "best_val_mse": 0.33793674196515766,
        "best_val_mae": 0.41834497451782227,
        "test_mse": 0.3297554478049278,
        "test_mae": 0.408921392634511,
        "mean_epoch_time": 0.792672085762024,
        "n_params": 450915
      },
      "egnn": {
        "best_val_mse": 0.9990605541637966,
        "best_val_mae": 0.734033295086452,
        "test_mse": 1.0070994347333908,
        "test_mae": 0.7386416792869568,
        "mean_epoch_time": 0.8295573568344117,
        "n_params": 398467
      },
      "baseline": {
        "best_val_mse": 0.44005063601902555,
        "best_val_mae": 0.474353300673621,
        "test_mse": 0.4453554879873991,
        "test_mae": 0.4771302230656147,
        "mean_epoch_time": 0.7892716741561889,
        "n_params": 332099
      }
    },
    "salicylic": {
      "hybrid_hcnet": {
        "best_val_mse": 0.142204755118915,
        "best_val_mae": 0.2566343716212681,
        "test_mse": 0.13621048629283905,
        "test_mae": 0.2604435160756111,
        "mean_epoch_time": 2.0909374594688415,
        "n_params": 866083
      },
      "clifford_net": {
        "best_val_mse": 0.16488465879644668,
        "best_val_mae": 0.2769642174243927,
        "test_mse": 0.1550934137776494,
        "test_mae": 0.2707157079130411,
        "mean_epoch_time": 0.8926438426971436,
        "n_params": 450915
      },
      "egnn": {
        "best_val_mse": 0.937013396195003,
        "best_val_mae": 0.6938122085162571,
        "test_mse": 0.8843547031283379,
        "test_mae": 0.678251601755619,
        "mean_epoch_time": 0.6301960206031799,
        "n_params": 398467
      },
      "baseline": {
        "best_val_mse": 0.2693362534046173,
        "best_val_mae": 0.36332270928791593,
        "test_mse": 0.25725109595805407,
        "test_mae": 0.3488274868577719,
        "mean_epoch_time": 0.43365105867385867,
        "n_params": 332099
      }
    },
    "naphthalene": {
      "hybrid_hcnet": {
        "best_val_mse": 0.12841300347021647,
        "best_val_mae": 0.24998249965054647,
        "test_mse": 0.1436844803392887,
        "test_mae": 0.26374006550759077,
        "mean_epoch_time": 2.2419886302948,
        "n_params": 866083
      },
      "clifford_net": {
        "best_val_mse": 0.13917933298008783,
        "best_val_mae": 0.2541713374001639,
        "test_mse": 0.14580950886011124,
        "test_mae": 0.26201052218675613,
        "mean_epoch_time": 0.8690604877471924,
        "n_params": 450915
      },
      "egnn": {
        "best_val_mse": 1.0534969142505102,
        "best_val_mae": 0.7362427456038338,
        "test_mse": 0.9928581230342388,
        "test_mae": 0.7181045301258564,
        "mean_epoch_time": 0.9627476215362549,
        "n_params": 398467
      },
      "baseline": {
        "best_val_mse": 0.2770308554172516,
        "best_val_mae": 0.3624215977532523,
        "test_mse": 0.31979481875896454,
        "test_mae": 0.38418746180832386,
        "mean_epoch_time": 0.6107314968109131,
        "n_params": 332099
      }
    },
    "aspirin": {
      "hybrid_hcnet": {
        "best_val_mse": 0.2517797372170857,
        "best_val_mae": 0.379682719707489,
        "test_mse": 0.2663265122100711,
        "test_mae": 0.3877128567546606,
        "mean_epoch_time": 2.0995605993270874,
        "n_params": 866083
      },
      "clifford_net": {
        "best_val_mse": 0.8709824085235596,
        "best_val_mae": 0.6784885951450893,
        "test_mse": 0.8758018687367439,
        "test_mae": 0.6852846145629883,
        "mean_epoch_time": 1.11201913356781,
        "n_params": 450915
      },
      "egnn": {
        "best_val_mse": 1.0169747727257865,
        "best_val_mae": 0.7511991347585406,
        "test_mse": 1.0073834620416164,
        "test_mae": 0.7517632804811001,
        "mean_epoch_time": 0.9813503646850585,
        "n_params": 398467
      },
      "baseline": {
        "best_val_mse": 0.9128121818814959,
        "best_val_mae": 0.7022153735160828,
        "test_mse": 0.895114004611969,
        "test_mae": 0.7022636346518993,
        "mean_epoch_time": 0.8172990608215333,
        "n_params": 332099
      }
    }
  },
  "config": {
    "molecule": "ethanol",
    "molecules": [
      "toluene",
      "salicylic",
      "naphthalene",
      "aspirin"
    ],
    "n_train": 1000,
    "n_test": 500,
    "n_epochs": 100,
    "hidden_dim": 128,
    "with_ood": false,
    "seed": 42,
    "device": "cuda"
  }
}