{
  "results": {
    "ethanol": {
      "hybrid_hcnet": {
        "best_val_mse": 0.07146868535450526,
        "best_val_mae": 0.1927482613495418,
        "test_mse": 0.0826221127063036,
        "test_mae": 0.20439324900507927,
        "mean_epoch_time": 1.7420177483558654,
        "n_params": 866083
      },
      "clifford_net": {
        "best_val_mse": 0.867767368044172,
        "best_val_mae": 0.6977170280047825,
        "test_mse": 0.9352786652743816,
        "test_mae": 0.7042211666703224,
        "mean_epoch_time": 0.7955160450935364,
        "n_params": 450915
      },
      "egnn": {
        "best_val_mse": 0.9587416223117283,
        "best_val_mae": 0.7337925093514579,
        "test_mse": 1.0375441499054432,
        "test_mae": 0.7530614137649536,
        "mean_epoch_time": 0.6568561506271362,
        "n_params": 398467
      },
      "baseline": {
        "best_val_mse": 0.8106145262718201,
        "best_val_mae": 0.6735053828784398,
        "test_mse": 0.894888449460268,
        "test_mae": 0.6922619044780731,
        "mean_epoch_time": 0.7102819681167603,
        "n_params": 332099
      }
    }
  },
  "config": {
    "molecule": "ethanol",
    "molecules": [
      "ethanol"
    ],
    "n_train": 1000,
    "n_test": 500,
    "n_epochs": 100,
    "hidden_dim": 128,
    "with_ood": true,
    "seed": 42,
    "device": "cuda"
  },
  "ood_results": {
    "ethanol": {
      "hybrid_hcnet": {
        "(0, 0, 0)": {
          "mse": 0.26577323861420155,
          "mae": 0.39022640511393547
        },
        "(45, 0, 0)": {
          "mse": 0.31879089772701263,
          "mae": 0.42279245890676975
        },
        "(0, 45, 0)": {
          "mse": 0.3061717636883259,
          "mae": 0.41414190270006657
        },
        "(0, 0, 45)": {
          "mse": 0.2974375654011965,
          "mae": 0.4104749746620655
        },
        "(90, 0, 0)": {
          "mse": 0.44472365267574787,
          "mae": 0.48099385760724545
        },
        "(45, 45, 0)": {
          "mse": 0.33493172749876976,
          "mae": 0.4304607417434454
        }
      },
      "clifford_net": {
        "(0, 0, 0)": {
          "mse": 0.9771354645490646,
          "mae": 0.7295156121253967
        },
        "(45, 0, 0)": {
          "mse": 1.058331724256277,
          "mae": 0.7620565891265869
        },
        "(0, 45, 0)": {
          "mse": 1.0246031731367111,
          "mae": 0.7503078132867813
        },
        "(0, 0, 45)": {
          "mse": 1.0257296338677406,
          "mae": 0.7501676641404629
        },
        "(90, 0, 0)": {
          "mse": 1.1780474036931992,
          "mae": 0.7973279319703579
        },
        "(45, 45, 0)": {
          "mse": 1.0443101823329926,
          "mae": 0.7563246004283428
        }
      },
      "egnn": {
        "(0, 0, 0)": {
          "mse": 1.020815435796976,
          "mae": 0.7502037957310677
        },
        "(45, 0, 0)": {
          "mse": 1.020710114389658,
          "mae": 0.7516807913780212
        },
        "(0, 45, 0)": {
          "mse": 1.020798448473215,
          "mae": 0.7504078447818756
        },
        "(0, 0, 45)": {
          "mse": 1.0209032371640205,
          "mae": 0.7497814707458019
        },
        "(90, 0, 0)": {
          "mse": 1.020718041807413,
          "mae": 0.7503842115402222
        },
        "(45, 45, 0)": {
          "mse": 1.02059455960989,
          "mae": 0.7513036392629147
        }
      },
      "baseline": {
        "(0, 0, 0)": {
          "mse": 0.9429057948291302,
          "mae": 0.7172879204154015
        },
        "(45, 0, 0)": {
          "mse": 1.089747790247202,
          "mae": 0.7731044292449951
        },
        "(0, 45, 0)": {
          "mse": 1.0601234883069992,
          "mae": 0.7637252397835255
        },
        "(0, 0, 45)": {
          "mse": 1.0374503396451473,
          "mae": 0.7555871196091175
        },
        "(90, 0, 0)": {
          "mse": 1.1963399425148964,
          "mae": 0.807668212801218
        },
        "(45, 45, 0)": {
          "mse": 1.0917873457074165,
          "mae": 0.7708144970238209
        }
      }
    }
  }
}